               epoch,      train/box_loss,      train/obj_loss,      train/cls_loss,   metrics/precision,      metrics/recall,     metrics/mAP_0.5,metrics/mAP_0.5:0.95,        val/box_loss,        val/obj_loss,        val/cls_loss,               x/lr0,               x/lr1,               x/lr2
                   0,            0.081572,            0.029128,            0.025384,           0.0016568,             0.30939,           0.0015305,          0.00017121,            0.028477,            0.010996,             0.00839,            0.070072,           0.0033254,           0.0033254
                   1,            0.070279,            0.027903,            0.020078,             0.26888,             0.15782,             0.18029,             0.10627,            0.016384,            0.020477,           0.0075028,            0.040072,           0.0066586,           0.0066586
                   2,            0.048802,            0.024233,            0.015036,            0.051988,             0.43282,            0.046627,            0.020258,            0.012817,            0.021619,            0.015128,            0.010072,           0.0099918,           0.0099918
                   3,            0.037098,            0.017476,            0.011797,             0.58338,             0.37371,             0.35296,             0.24926,             0.01259,            0.012931,           0.0058361,           0.0099997,           0.0099997,           0.0099997
                   4,            0.031717,            0.014679,            0.010236,             0.68789,             0.48102,             0.61009,             0.39379,            0.015165,           0.0081056,           0.0061009,           0.0099997,           0.0099997,           0.0099997
                   5,            0.028354,            0.013394,            0.009502,             0.81491,             0.37794,             0.50551,              0.3594,            0.011044,            0.010039,            0.012832,           0.0099996,           0.0099996,           0.0099996
                   6,            0.026059,            0.012417,           0.0085246,             0.64122,             0.38473,             0.38225,             0.30054,             0.01206,            0.012538,            0.006574,           0.0099995,           0.0099995,           0.0099995
                   7,            0.024656,            0.011597,           0.0082886,             0.64036,             0.35015,             0.43111,             0.30424,            0.011063,            0.012261,             0.01024,           0.0099994,           0.0099994,           0.0099994
                   8,            0.023315,            0.011084,           0.0075209,             0.87716,             0.40424,             0.60326,             0.44888,            0.009613,           0.0079847,           0.0070114,           0.0099993,           0.0099993,           0.0099993
                   9,            0.022278,            0.010433,           0.0076257,             0.86043,             0.40315,             0.48808,             0.40681,            0.013789,           0.0094438,           0.0055822,           0.0099992,           0.0099992,           0.0099992
                  10,            0.021722,            0.010191,           0.0073558,             0.79346,             0.43032,             0.58764,             0.41848,             0.01107,           0.0070146,           0.0096074,           0.0099991,           0.0099991,           0.0099991
                  11,            0.021579,           0.0099255,           0.0071604,             0.82373,             0.41955,             0.54874,             0.36483,            0.010716,           0.0098803,           0.0082356,            0.009999,            0.009999,            0.009999
                  12,            0.020621,           0.0095534,           0.0068501,             0.69519,             0.53852,             0.58202,             0.41698,           0.0094681,           0.0077125,            0.010876,           0.0099989,           0.0099989,           0.0099989
                  13,            0.020074,           0.0093425,            0.006859,             0.64648,             0.58403,             0.64709,             0.47359,            0.008393,           0.0068356,            0.011412,           0.0099988,           0.0099988,           0.0099988
                  14,            0.019612,           0.0092039,           0.0064504,             0.89502,             0.42943,             0.66149,             0.48582,            0.010198,           0.0057793,           0.0090505,           0.0099987,           0.0099987,           0.0099987
                  15,            0.019257,           0.0090018,           0.0064331,             0.56643,             0.66053,             0.71126,             0.52601,           0.0084136,           0.0067632,           0.0071278,           0.0099986,           0.0099986,           0.0099986
                  16,            0.018767,           0.0087592,           0.0059734,             0.91792,             0.40539,             0.57139,              0.4671,           0.0093883,           0.0091053,            0.008377,           0.0099985,           0.0099985,           0.0099985
                  17,            0.018476,           0.0086019,           0.0063459,             0.70541,             0.62141,             0.65025,             0.48381,           0.0078364,           0.0070932,            0.014144,           0.0099984,           0.0099984,           0.0099984
                  18,            0.018183,           0.0084548,           0.0062575,             0.69906,              0.6133,             0.66201,             0.49418,           0.0088684,           0.0071077,            0.010972,           0.0099983,           0.0099983,           0.0099983
                  19,             0.01813,           0.0083799,           0.0058904,              0.6333,              0.7225,             0.69832,             0.54967,           0.0075734,           0.0061871,           0.0083603,           0.0099982,           0.0099982,           0.0099982
                  20,            0.017727,           0.0083173,           0.0061782,             0.69351,             0.60285,             0.61531,             0.47743,           0.0084383,           0.0066414,            0.014683,           0.0099981,           0.0099981,           0.0099981
                  21,            0.017357,            0.008224,           0.0060316,             0.71294,             0.65455,             0.68286,             0.52327,            0.008667,           0.0052269,            0.016354,            0.009998,            0.009998,            0.009998
                  22,            0.017351,           0.0081225,           0.0056735,             0.71753,             0.48247,             0.59942,             0.47207,            0.008713,           0.0066056,            0.013683,           0.0099979,           0.0099979,           0.0099979
                  23,            0.017015,           0.0080348,           0.0057937,             0.65045,             0.63043,             0.66871,             0.52716,           0.0074588,           0.0062892,            0.012817,           0.0099978,           0.0099978,           0.0099978
                  24,            0.017017,           0.0079965,           0.0058257,             0.67126,             0.62616,             0.64069,             0.50557,           0.0080926,           0.0062561,            0.014376,           0.0099977,           0.0099977,           0.0099977
                  25,            0.016908,           0.0078573,            0.005925,             0.69415,             0.64675,             0.67804,             0.53747,           0.0076163,           0.0053445,            0.011896,           0.0099976,           0.0099976,           0.0099976
                  26,              0.0166,           0.0078024,           0.0056316,             0.69593,             0.63334,             0.68046,             0.55062,           0.0075446,           0.0055604,            0.011762,           0.0099975,           0.0099975,           0.0099975
                  27,            0.016493,           0.0076748,           0.0052698,             0.67442,             0.67728,             0.73707,             0.58229,           0.0077671,           0.0055178,           0.0093285,           0.0099974,           0.0099974,           0.0099974
                  28,            0.016336,           0.0076178,           0.0053544,             0.67417,             0.61851,              0.6568,             0.51806,           0.0083161,           0.0066119,            0.012427,           0.0099973,           0.0099973,           0.0099973
                  29,            0.016448,           0.0076801,           0.0054694,             0.67722,              0.6242,             0.64974,             0.53334,           0.0079238,           0.0060551,            0.013952,           0.0099972,           0.0099972,           0.0099972
                  30,            0.016184,           0.0075936,           0.0056327,             0.72217,             0.63026,             0.66902,             0.52214,             0.00831,           0.0053146,            0.013895,           0.0099971,           0.0099971,           0.0099971
                  31,            0.015905,           0.0075178,           0.0056157,             0.67833,             0.55905,             0.63069,             0.48952,           0.0081411,           0.0075513,            0.011429,            0.009997,            0.009997,            0.009997
                  32,            0.016094,           0.0074831,           0.0053033,             0.65668,             0.67328,             0.68944,             0.55644,           0.0071581,           0.0060785,           0.0088045,           0.0099969,           0.0099969,           0.0099969
                  33,            0.015759,           0.0074484,           0.0050253,             0.65858,             0.68147,             0.71556,             0.55759,           0.0077966,           0.0059004,           0.0084151,           0.0099968,           0.0099968,           0.0099968
                  34,            0.015409,           0.0073467,            0.005403,             0.69088,             0.65208,             0.70503,              0.5618,           0.0080703,           0.0054331,           0.0097144,           0.0099967,           0.0099967,           0.0099967
                  35,            0.015524,           0.0073829,           0.0053381,             0.70025,             0.64036,             0.72652,             0.56433,           0.0080771,           0.0049151,           0.0086616,           0.0099966,           0.0099966,           0.0099966
                  36,            0.015762,           0.0073453,           0.0052507,             0.56646,             0.67321,             0.70096,             0.55039,           0.0081174,           0.0055994,            0.010068,           0.0099965,           0.0099965,           0.0099965
                  37,            0.015536,           0.0072162,           0.0053739,             0.68067,             0.52374,             0.64855,             0.52091,           0.0073588,           0.0065182,            0.010023,           0.0099964,           0.0099964,           0.0099964
                  38,            0.015177,           0.0072477,           0.0052799,             0.71713,             0.65586,             0.69298,             0.55107,           0.0077406,           0.0047511,             0.01332,           0.0099963,           0.0099963,           0.0099963
                  39,            0.015395,           0.0072072,            0.005242,             0.74351,             0.68232,             0.71501,             0.58154,           0.0068017,           0.0050943,            0.013276,           0.0099962,           0.0099962,           0.0099962
                  40,            0.015265,           0.0071733,           0.0052051,             0.75102,              0.6846,             0.69268,             0.57066,           0.0071678,           0.0049642,            0.015415,           0.0099961,           0.0099961,           0.0099961
                  41,             0.01548,           0.0072992,           0.0053146,             0.69304,             0.54334,             0.66421,             0.53674,           0.0074176,           0.0061193,            0.011933,            0.009996,            0.009996,            0.009996
                  42,            0.015248,           0.0072044,           0.0055742,             0.73492,             0.67335,              0.6942,             0.56608,           0.0069544,           0.0046565,            0.013981,           0.0099959,           0.0099959,           0.0099959
                  43,            0.015153,            0.007142,           0.0050387,             0.71575,             0.66291,             0.71028,             0.57819,           0.0071896,           0.0048088,            0.012322,           0.0099958,           0.0099958,           0.0099958
                  44,            0.014996,           0.0071327,           0.0050926,             0.71675,             0.65762,             0.69736,             0.57033,           0.0070955,           0.0050125,            0.013296,           0.0099957,           0.0099957,           0.0099957
                  45,            0.014943,           0.0070699,           0.0049614,             0.71718,             0.61132,             0.66996,             0.55328,           0.0072029,           0.0051985,            0.013861,           0.0099956,           0.0099956,           0.0099956
                  46,            0.014725,           0.0070307,           0.0050798,             0.71719,             0.66026,             0.68851,             0.56116,           0.0070449,           0.0050588,            0.013567,           0.0099955,           0.0099955,           0.0099955
                  47,            0.015031,           0.0070399,           0.0048588,             0.72154,             0.65716,              0.6952,             0.56291,           0.0072375,            0.004834,            0.012972,           0.0099954,           0.0099954,           0.0099954
                  48,            0.014725,           0.0069521,           0.0051814,             0.72834,             0.64466,             0.69365,             0.57303,           0.0068213,           0.0049364,            0.012346,           0.0099953,           0.0099953,           0.0099953
                  49,            0.014684,           0.0069642,            0.005258,             0.73854,             0.65455,             0.71407,             0.57826,           0.0069641,           0.0047774,            0.011577,           0.0099952,           0.0099952,           0.0099952
                  50,            0.014537,           0.0069802,           0.0047515,             0.73652,             0.67954,             0.70948,             0.57806,           0.0069149,           0.0045327,            0.013022,           0.0099951,           0.0099951,           0.0099951
                  51,            0.014553,           0.0068402,           0.0049654,             0.73023,             0.65481,             0.70403,              0.5695,           0.0071325,           0.0043478,            0.013187,           0.0099951,           0.0099951,           0.0099951
                  52,            0.014569,           0.0068817,           0.0050447,             0.73398,             0.65977,             0.70214,             0.57305,           0.0070595,            0.004421,            0.013505,            0.009995,            0.009995,            0.009995
                  53,            0.014529,           0.0068294,            0.004807,             0.73533,             0.64024,              0.7089,             0.57914,           0.0071246,           0.0043205,            0.012715,           0.0099949,           0.0099949,           0.0099949
                  54,            0.014671,           0.0068721,           0.0051576,             0.74235,             0.65584,             0.70826,             0.57951,           0.0071903,           0.0042107,             0.01279,           0.0099948,           0.0099948,           0.0099948
                  55,             0.01418,            0.006771,           0.0047649,             0.71767,              0.6635,             0.69987,             0.57662,            0.006861,           0.0045007,            0.012746,           0.0099947,           0.0099947,           0.0099947
                  56,            0.014157,           0.0067535,           0.0049083,             0.71189,             0.67027,             0.70273,             0.57571,           0.0068108,           0.0045057,            0.012471,           0.0099946,           0.0099946,           0.0099946
                  57,            0.014343,           0.0067677,           0.0045203,             0.70751,             0.66378,             0.69979,             0.57363,           0.0068138,           0.0045646,            0.011919,           0.0099945,           0.0099945,           0.0099945
                  58,            0.014202,           0.0067199,           0.0048557,             0.73078,             0.64931,             0.71448,             0.58106,           0.0069114,           0.0045573,            0.012428,           0.0099944,           0.0099944,           0.0099944
                  59,            0.014493,           0.0067659,            0.004857,             0.72068,             0.67389,             0.71195,             0.57824,           0.0070532,           0.0045108,            0.012966,           0.0099943,           0.0099943,           0.0099943
                  60,            0.014049,           0.0067214,           0.0048848,             0.72282,             0.67388,             0.70385,             0.56862,           0.0072709,           0.0046441,            0.013378,           0.0099942,           0.0099942,           0.0099942
                  61,            0.014337,           0.0068142,           0.0048321,             0.72294,              0.6794,             0.70842,             0.56946,           0.0073427,           0.0044522,            0.013549,           0.0099941,           0.0099941,           0.0099941
                  62,            0.014062,           0.0066962,           0.0049147,              0.7141,             0.69785,              0.7089,             0.57154,           0.0072946,           0.0044059,            0.013785,            0.009994,            0.009994,            0.009994
                  63,            0.014218,           0.0067183,           0.0049792,              0.7286,              0.6869,             0.71077,             0.57266,           0.0074767,           0.0043999,            0.014043,           0.0099939,           0.0099939,           0.0099939
                  64,             0.01405,           0.0066439,           0.0044548,             0.72494,             0.69883,              0.7191,             0.58008,           0.0074476,           0.0043428,            0.013757,           0.0099938,           0.0099938,           0.0099938
                  65,            0.014079,           0.0066222,           0.0047234,             0.73008,              0.6896,             0.71762,             0.58019,           0.0074126,           0.0043368,            0.013704,           0.0099937,           0.0099937,           0.0099937
                  66,            0.013911,           0.0065999,           0.0047704,             0.72306,             0.70512,             0.72249,              0.5839,           0.0073414,           0.0042159,            0.013554,           0.0099936,           0.0099936,           0.0099936
                  67,            0.014029,           0.0066383,            0.004682,             0.72618,             0.69933,             0.72003,             0.58351,           0.0072976,            0.004243,            0.013195,           0.0099935,           0.0099935,           0.0099935
                  68,             0.01403,           0.0066575,           0.0049503,             0.73034,             0.69711,             0.71431,             0.58104,           0.0072857,           0.0042506,            0.013147,           0.0099934,           0.0099934,           0.0099934
                  69,            0.014015,           0.0066628,           0.0049406,             0.73769,             0.69191,             0.71432,             0.58156,           0.0073448,           0.0042106,            0.013232,           0.0099933,           0.0099933,           0.0099933
                  70,            0.013945,           0.0065696,           0.0048124,             0.73673,             0.69213,             0.71141,             0.57913,           0.0073905,           0.0042173,            0.013365,           0.0099932,           0.0099932,           0.0099932
                  71,            0.013942,           0.0065407,             0.00443,             0.73302,             0.69205,             0.70899,             0.57782,           0.0074307,           0.0042486,            0.013352,           0.0099931,           0.0099931,           0.0099931
                  72,             0.01395,             0.00652,           0.0048775,             0.73811,             0.68262,             0.70694,             0.57691,           0.0073687,           0.0042904,            0.013238,            0.009993,            0.009993,            0.009993
                  73,            0.013726,           0.0064832,           0.0048529,             0.73065,             0.68568,             0.70588,             0.57697,           0.0073042,           0.0043249,            0.013127,           0.0099929,           0.0099929,           0.0099929
                  74,            0.013958,           0.0065711,           0.0049493,             0.73063,             0.68901,             0.70682,             0.57701,           0.0071822,           0.0043232,             0.01317,           0.0099928,           0.0099928,           0.0099928
                  75,            0.013819,           0.0065047,           0.0048584,             0.73422,             0.68175,             0.70514,              0.5759,           0.0071688,            0.004342,            0.013148,           0.0099927,           0.0099927,           0.0099927
                  76,            0.013606,            0.006491,           0.0045335,             0.73077,             0.68789,             0.70569,             0.57535,           0.0071801,           0.0043313,            0.013052,           0.0099926,           0.0099926,           0.0099926
                  77,            0.013644,           0.0064217,           0.0046266,             0.73801,             0.68118,             0.70711,             0.57644,           0.0071509,           0.0043484,            0.012999,           0.0099925,           0.0099925,           0.0099925
                  78,            0.013641,           0.0065305,           0.0044159,             0.74079,             0.68436,             0.70987,             0.57842,           0.0071489,           0.0043303,            0.013116,           0.0099924,           0.0099924,           0.0099924
                  79,            0.013559,           0.0064509,           0.0046493,             0.74019,             0.68518,             0.71184,             0.57979,           0.0071439,           0.0042932,            0.013295,           0.0099923,           0.0099923,           0.0099923
                  80,            0.013544,           0.0064405,           0.0048118,             0.74153,             0.68922,             0.71371,              0.5803,           0.0071535,            0.004241,            0.013489,           0.0099922,           0.0099922,           0.0099922
                  81,            0.013683,           0.0063536,           0.0046877,             0.74038,             0.69393,             0.71405,             0.58088,           0.0071719,           0.0042194,            0.013569,           0.0099921,           0.0099921,           0.0099921
                  82,            0.013817,           0.0064297,           0.0046412,             0.73927,             0.69679,             0.71437,             0.58144,           0.0071672,           0.0042111,            0.013703,            0.009992,            0.009992,            0.009992
                  83,            0.013607,           0.0064803,           0.0044316,             0.74003,             0.69618,              0.7149,             0.58223,           0.0071828,           0.0042112,            0.013654,           0.0099919,           0.0099919,           0.0099919
                  84,            0.013318,           0.0063547,           0.0044683,             0.73868,             0.69746,             0.71365,             0.58164,           0.0071717,           0.0042173,            0.013666,           0.0099918,           0.0099918,           0.0099918
                  85,             0.01367,           0.0062647,           0.0042459,             0.73647,             0.70038,             0.71662,              0.5821,           0.0071836,           0.0042087,            0.013666,           0.0099917,           0.0099917,           0.0099917
                  86,            0.013313,           0.0063967,           0.0046285,             0.73809,             0.69466,             0.71971,             0.58366,           0.0071792,           0.0042207,            0.013434,           0.0099916,           0.0099916,           0.0099916
                  87,            0.013517,           0.0063647,           0.0043934,             0.73924,             0.69283,             0.72094,             0.58428,           0.0071515,           0.0042309,            0.013339,           0.0099915,           0.0099915,           0.0099915
                  88,            0.013479,           0.0063317,           0.0043214,             0.74153,             0.69161,             0.72167,             0.58546,           0.0071368,            0.004214,            0.013304,           0.0099914,           0.0099914,           0.0099914
                  89,            0.013543,           0.0063744,           0.0046041,             0.74444,             0.69066,             0.72278,             0.58663,            0.007132,           0.0042111,            0.013179,           0.0099913,           0.0099913,           0.0099913
                  90,            0.013505,           0.0062661,           0.0043014,             0.74227,             0.69067,              0.7227,             0.58718,           0.0071143,           0.0041933,             0.01321,           0.0099912,           0.0099912,           0.0099912
                  91,            0.013439,           0.0064119,           0.0047613,             0.74339,             0.68767,             0.72256,             0.58746,           0.0070814,           0.0041932,            0.013119,           0.0099911,           0.0099911,           0.0099911
                  92,            0.013349,             0.00631,           0.0044091,             0.74413,             0.68776,             0.72356,             0.58837,           0.0070731,           0.0041692,            0.013106,            0.009991,            0.009991,            0.009991
                  93,             0.01342,           0.0062877,           0.0044845,             0.74302,             0.68845,             0.72456,             0.58925,           0.0070627,           0.0041559,            0.013086,           0.0099909,           0.0099909,           0.0099909
                  94,             0.01337,           0.0062701,           0.0042625,             0.74063,             0.68886,             0.72374,             0.58891,           0.0070538,           0.0041448,            0.013117,           0.0099908,           0.0099908,           0.0099908
                  95,            0.013301,           0.0063065,           0.0043661,             0.74027,             0.69159,             0.72332,             0.58885,           0.0070436,           0.0041348,            0.013123,           0.0099907,           0.0099907,           0.0099907
                  96,            0.013482,           0.0063294,           0.0047532,             0.73875,             0.69319,             0.72385,              0.5895,           0.0070346,            0.004135,            0.013057,           0.0099906,           0.0099906,           0.0099906
                  97,            0.013239,           0.0062151,           0.0044482,             0.73528,             0.69541,             0.72236,             0.58913,           0.0070423,           0.0041379,             0.01303,           0.0099905,           0.0099905,           0.0099905
                  98,             0.01331,           0.0061824,           0.0043837,             0.73263,             0.69548,             0.72208,             0.58892,           0.0070505,           0.0041358,            0.012999,           0.0099904,           0.0099904,           0.0099904
                  99,             0.01321,           0.0061457,           0.0044001,             0.73229,             0.69686,              0.7222,             0.58892,           0.0070528,           0.0041308,            0.013005,           0.0099903,           0.0099903,           0.0099903
                 100,            0.013345,            0.006217,           0.0045576,             0.73339,             0.69642,             0.72318,              0.5896,           0.0070476,           0.0041227,            0.013006,           0.0099902,           0.0099902,           0.0099902
                 101,            0.013185,            0.006305,           0.0044931,             0.73373,             0.69295,             0.72369,             0.59007,           0.0070385,           0.0041205,            0.012995,           0.0099901,           0.0099901,           0.0099901
                 102,             0.01307,           0.0061869,           0.0044469,             0.73334,             0.69029,             0.72348,             0.58998,            0.007019,           0.0041306,            0.012947,             0.00999,             0.00999,             0.00999
                 103,             0.01314,           0.0061508,           0.0043598,             0.73177,             0.69254,             0.72393,             0.59076,           0.0070125,           0.0041227,            0.012944,           0.0099899,           0.0099899,           0.0099899
                 104,            0.013386,           0.0062296,           0.0043132,             0.73201,             0.69319,             0.72439,              0.5914,           0.0069963,           0.0041203,            0.012922,           0.0099898,           0.0099898,           0.0099898
                 105,            0.013155,           0.0062337,           0.0042644,              0.7332,             0.69435,             0.72514,             0.59182,            0.007012,           0.0040975,            0.012898,           0.0099897,           0.0099897,           0.0099897
                 106,            0.013193,           0.0062706,           0.0044121,             0.73342,             0.69693,             0.72561,             0.59234,            0.007007,           0.0040863,             0.01292,           0.0099896,           0.0099896,           0.0099896
                 107,            0.013032,            0.006108,           0.0041739,             0.73178,             0.69671,             0.72564,             0.59251,           0.0069982,           0.0040866,            0.012898,           0.0099895,           0.0099895,           0.0099895
                 108,            0.013147,           0.0061632,           0.0042002,             0.73321,             0.69705,             0.72728,             0.59338,           0.0069998,            0.004078,            0.012845,           0.0099894,           0.0099894,           0.0099894
                 109,            0.013171,           0.0061967,           0.0045011,             0.73288,             0.69597,             0.72821,             0.59379,           0.0070094,           0.0040746,             0.01281,           0.0099893,           0.0099893,           0.0099893
                 110,            0.013075,           0.0061373,            0.004361,             0.72887,             0.69916,             0.72894,             0.59452,           0.0070189,           0.0040743,            0.012733,           0.0099892,           0.0099892,           0.0099892
                 111,            0.013114,           0.0061831,           0.0047734,             0.72899,             0.69928,             0.72958,               0.595,           0.0070191,           0.0040749,            0.012689,           0.0099891,           0.0099891,           0.0099891
                 112,             0.01308,           0.0062124,           0.0043436,             0.72769,             0.69973,             0.72971,             0.59572,           0.0070023,           0.0040756,            0.012674,            0.009989,            0.009989,            0.009989
                 113,            0.013051,           0.0060329,           0.0043431,             0.72771,             0.70022,             0.72994,             0.59627,           0.0069965,           0.0040675,            0.012689,           0.0099889,           0.0099889,           0.0099889
                 114,            0.013087,            0.006146,            0.004511,             0.72831,             0.70086,             0.73127,             0.59721,           0.0069993,           0.0040629,            0.012608,           0.0099888,           0.0099888,           0.0099888
                 115,            0.012856,           0.0060875,             0.00403,             0.72699,             0.70202,             0.73182,             0.59752,           0.0070068,           0.0040679,            0.012529,           0.0099887,           0.0099887,           0.0099887
                 116,            0.012918,           0.0060507,           0.0040563,             0.72359,             0.70178,             0.73228,             0.59834,           0.0070179,           0.0040737,            0.012468,           0.0099886,           0.0099886,           0.0099886
                 117,            0.012893,           0.0062016,           0.0045269,             0.72384,             0.70109,             0.73241,             0.59836,           0.0070292,           0.0040705,            0.012437,           0.0099885,           0.0099885,           0.0099885
                 118,             0.01317,            0.006228,            0.004497,             0.72262,             0.70145,             0.73304,               0.599,           0.0070407,           0.0040821,            0.012367,           0.0099884,           0.0099884,           0.0099884
                 119,            0.012973,           0.0060871,           0.0044572,             0.72371,             0.70227,             0.73358,             0.59935,           0.0070349,           0.0040843,            0.012352,           0.0099883,           0.0099883,           0.0099883
                 120,            0.013108,           0.0061291,           0.0045207,              0.7247,             0.70145,             0.73467,              0.5997,           0.0070407,           0.0040788,            0.012311,           0.0099882,           0.0099882,           0.0099882
                 121,            0.012945,           0.0060741,           0.0043407,             0.72438,             0.70243,             0.73581,             0.60055,             0.00705,           0.0040745,            0.012346,           0.0099881,           0.0099881,           0.0099881
                 122,            0.012891,           0.0060974,           0.0042895,             0.72715,             0.70147,             0.73655,             0.60077,           0.0070553,           0.0040705,            0.012362,            0.009988,            0.009988,            0.009988
                 123,            0.012916,           0.0060537,           0.0044219,             0.72653,             0.70161,             0.73771,              0.6014,           0.0070485,           0.0040731,            0.012395,           0.0099879,           0.0099879,           0.0099879
                 124,            0.012765,           0.0060639,           0.0042026,             0.72465,             0.70107,             0.73792,             0.60195,           0.0070381,           0.0040808,            0.012389,           0.0099878,           0.0099878,           0.0099878
                 125,            0.012899,           0.0060632,           0.0043602,             0.72724,             0.69931,             0.73865,             0.60245,           0.0070397,           0.0040873,            0.012396,           0.0099877,           0.0099877,           0.0099877
                 126,            0.012831,           0.0060987,           0.0043242,             0.72593,             0.70031,              0.7382,             0.60211,            0.007049,           0.0040927,            0.012433,           0.0099876,           0.0099876,           0.0099876
                 127,            0.012762,           0.0060085,           0.0042434,             0.72659,             0.70096,             0.73866,             0.60235,           0.0070558,           0.0040871,             0.01246,           0.0099875,           0.0099875,           0.0099875
                 128,            0.012803,           0.0060593,           0.0045182,             0.72849,              0.7012,              0.7393,             0.60319,           0.0070584,           0.0040727,            0.012474,           0.0099874,           0.0099874,           0.0099874
                 129,            0.012728,           0.0059663,            0.004333,             0.72834,             0.70177,             0.73984,             0.60363,           0.0070525,           0.0040645,            0.012451,           0.0099873,           0.0099873,           0.0099873
                 130,            0.012892,           0.0059616,           0.0044005,             0.72863,             0.70178,             0.74084,             0.60365,           0.0070526,           0.0040521,            0.012468,           0.0099872,           0.0099872,           0.0099872
                 131,            0.013131,           0.0061265,           0.0043975,             0.72921,             0.70318,             0.74157,             0.60435,           0.0070581,           0.0040454,            0.012476,           0.0099871,           0.0099871,           0.0099871
                 132,            0.012498,           0.0060054,           0.0041064,             0.72947,             0.70242,             0.74227,             0.60481,            0.007053,           0.0040454,            0.012428,            0.009987,            0.009987,            0.009987
                 133,            0.012761,           0.0060326,           0.0042626,             0.72875,             0.70422,             0.74299,             0.60572,           0.0070462,           0.0040455,            0.012402,           0.0099869,           0.0099869,           0.0099869
                 134,            0.012762,           0.0059184,           0.0040032,             0.72798,             0.70415,             0.74348,             0.60538,           0.0070479,           0.0040503,            0.012422,           0.0099868,           0.0099868,           0.0099868
                 135,             0.01284,             0.00596,           0.0041813,             0.72822,             0.70277,             0.74364,             0.60599,           0.0070363,           0.0040591,            0.012445,           0.0099867,           0.0099867,           0.0099867
                 136,            0.012689,           0.0059716,           0.0038773,             0.72569,             0.70402,              0.7439,             0.60636,           0.0070266,           0.0040625,            0.012417,           0.0099866,           0.0099866,           0.0099866
                 137,            0.012707,           0.0060357,            0.004603,             0.71923,             0.70992,             0.74466,             0.60674,           0.0070127,           0.0040678,            0.012392,           0.0099865,           0.0099865,           0.0099865
                 138,            0.012771,           0.0060054,           0.0041072,             0.72263,             0.70896,             0.74501,              0.6073,            0.007011,           0.0040716,            0.012363,           0.0099864,           0.0099864,           0.0099864
                 139,            0.012551,           0.0059647,           0.0040594,              0.7228,             0.70676,             0.74567,             0.60763,           0.0070071,           0.0040751,            0.012321,           0.0099863,           0.0099863,           0.0099863
                 140,            0.012813,           0.0059691,           0.0040021,             0.71108,             0.71788,             0.74627,             0.60818,           0.0070075,           0.0040744,            0.012274,           0.0099862,           0.0099862,           0.0099862
                 141,            0.012587,           0.0059648,           0.0042898,             0.71054,             0.71804,             0.74681,             0.60809,           0.0070243,           0.0040687,            0.012253,           0.0099861,           0.0099861,           0.0099861
                 142,            0.012506,           0.0059305,           0.0040302,             0.71064,              0.7187,             0.74748,             0.60872,           0.0070349,           0.0040662,            0.012216,            0.009986,            0.009986,            0.009986
                 143,             0.01261,           0.0060026,           0.0042579,             0.71041,             0.72009,             0.74752,             0.60877,           0.0070354,           0.0040661,            0.012148,           0.0099859,           0.0099859,           0.0099859
                 144,            0.012776,           0.0060117,            0.004191,             0.71247,             0.71893,             0.74697,             0.60848,           0.0070388,            0.004069,            0.012136,           0.0099858,           0.0099858,           0.0099858
                 145,            0.012838,           0.0060572,           0.0040544,             0.71255,             0.71749,             0.74612,             0.60858,           0.0070392,           0.0040653,            0.012111,           0.0099857,           0.0099857,           0.0099857
                 146,            0.012667,            0.005957,           0.0043031,             0.71215,             0.71754,             0.74631,             0.60894,           0.0070413,           0.0040668,             0.01213,           0.0099856,           0.0099856,           0.0099856
                 147,            0.012541,           0.0060161,           0.0044549,             0.71089,             0.71715,             0.74588,             0.60875,           0.0070403,           0.0040748,             0.01216,           0.0099855,           0.0099855,           0.0099855
                 148,            0.012743,           0.0059016,           0.0043747,             0.71078,             0.71688,             0.74629,             0.60899,           0.0070426,            0.004071,            0.012235,           0.0099854,           0.0099854,           0.0099854
                 149,            0.012577,            0.005852,            0.004521,             0.71104,             0.71943,             0.74706,             0.60912,           0.0070487,             0.00407,            0.012278,           0.0099853,           0.0099853,           0.0099853
                 150,            0.012316,           0.0058484,           0.0041949,             0.71199,             0.71923,              0.7481,             0.60953,           0.0070554,           0.0040745,            0.012302,           0.0099852,           0.0099852,           0.0099852
                 151,            0.012522,           0.0058419,           0.0041384,             0.71149,             0.72021,             0.74758,             0.60908,           0.0070619,           0.0040749,            0.012296,           0.0099851,           0.0099851,           0.0099851
                 152,            0.012507,           0.0059366,           0.0041455,             0.71095,             0.72017,             0.74732,             0.60877,           0.0070598,           0.0040683,            0.012337,           0.0099851,           0.0099851,           0.0099851
                 153,            0.012716,           0.0059822,           0.0044358,             0.71021,             0.72098,             0.74629,             0.60828,           0.0070609,           0.0040614,            0.012349,            0.009985,            0.009985,            0.009985
                 154,            0.012533,           0.0059212,           0.0041353,             0.71096,             0.71952,             0.74588,             0.60767,           0.0070716,           0.0040642,            0.012323,           0.0099849,           0.0099849,           0.0099849
                 155,            0.012487,           0.0058935,           0.0042695,             0.71207,             0.71889,             0.74538,             0.60744,           0.0070791,           0.0040601,            0.012338,           0.0099848,           0.0099848,           0.0099848
                 156,            0.012503,           0.0058721,           0.0041678,              0.7102,             0.71922,             0.74541,             0.60764,           0.0070883,           0.0040631,             0.01232,           0.0099847,           0.0099847,           0.0099847
                 157,            0.012286,           0.0059047,           0.0043149,             0.71203,             0.71848,             0.74572,              0.6079,           0.0070846,           0.0040623,            0.012277,           0.0099846,           0.0099846,           0.0099846
                 158,            0.012307,           0.0058265,           0.0040618,             0.71376,             0.71793,             0.74633,             0.60846,           0.0070779,           0.0040549,            0.012235,           0.0099845,           0.0099845,           0.0099845
                 159,            0.012712,           0.0060197,           0.0043081,             0.71573,             0.71788,             0.74679,              0.6087,           0.0070778,           0.0040512,            0.012263,           0.0099844,           0.0099844,           0.0099844
                 160,            0.012442,           0.0058666,           0.0043608,             0.71716,             0.71731,             0.74717,             0.60885,           0.0070866,           0.0040477,            0.012271,           0.0099843,           0.0099843,           0.0099843
                 161,            0.012402,           0.0058575,           0.0043296,             0.71738,             0.71797,             0.74753,             0.60922,           0.0070922,           0.0040355,            0.012286,           0.0099842,           0.0099842,           0.0099842
                 162,              0.0125,           0.0059107,           0.0042189,             0.71731,             0.71867,             0.74843,             0.60987,           0.0071075,           0.0040363,            0.012236,           0.0099841,           0.0099841,           0.0099841
                 163,            0.012591,           0.0058065,           0.0041127,             0.71709,             0.71723,             0.74825,             0.60945,           0.0071213,            0.004036,            0.012204,            0.009984,            0.009984,            0.009984
                 164,            0.012242,           0.0058301,           0.0039376,             0.71143,              0.7214,             0.74869,             0.60952,           0.0071405,           0.0040264,             0.01218,           0.0099839,           0.0099839,           0.0099839
                 165,            0.012561,            0.005833,           0.0040561,             0.71407,              0.7214,             0.75048,             0.61071,           0.0071535,           0.0040176,            0.012164,           0.0099838,           0.0099838,           0.0099838
                 166,            0.012336,           0.0058258,           0.0039009,             0.71941,             0.71759,             0.75063,              0.6105,           0.0071625,           0.0040159,            0.012174,           0.0099837,           0.0099837,           0.0099837
                 167,            0.012368,           0.0058062,           0.0045184,             0.71681,             0.71788,             0.75149,             0.61099,           0.0071723,           0.0040148,            0.012142,           0.0099836,           0.0099836,           0.0099836
                 168,            0.012331,           0.0058704,           0.0043177,             0.71569,             0.71916,              0.7518,             0.61134,           0.0071732,             0.00402,             0.01212,           0.0099835,           0.0099835,           0.0099835
                 169,            0.012415,             0.00592,           0.0042075,             0.71341,              0.7205,             0.75251,             0.61146,           0.0071953,           0.0040212,            0.012077,           0.0099834,           0.0099834,           0.0099834
                 170,            0.012226,           0.0058663,           0.0041837,             0.71333,             0.72009,             0.75295,             0.61167,           0.0071924,           0.0040214,            0.012019,           0.0099833,           0.0099833,           0.0099833
                 171,            0.012423,           0.0059156,           0.0041002,             0.71575,             0.71967,             0.75306,             0.61201,           0.0071913,           0.0040167,            0.012002,           0.0099832,           0.0099832,           0.0099832
                 172,            0.012213,           0.0058353,           0.0041847,             0.71514,             0.72067,             0.75441,             0.61297,           0.0072029,           0.0040185,            0.011949,           0.0099831,           0.0099831,           0.0099831
                 173,            0.012457,           0.0057722,           0.0041704,             0.71499,             0.72026,             0.75474,             0.61326,           0.0072046,           0.0040236,            0.011889,            0.009983,            0.009983,            0.009983
                 174,            0.012473,           0.0058497,           0.0043533,             0.71334,             0.72059,             0.75543,             0.61386,           0.0072078,           0.0040279,            0.011819,           0.0099829,           0.0099829,           0.0099829
                 175,             0.01235,           0.0058818,           0.0041642,             0.71324,             0.72278,             0.75707,              0.6149,           0.0072221,           0.0040267,            0.011767,           0.0099828,           0.0099828,           0.0099828
                 176,             0.01249,           0.0059216,           0.0042361,             0.71281,             0.72228,             0.75796,             0.61508,           0.0072442,           0.0040295,            0.011717,           0.0099827,           0.0099827,           0.0099827
                 177,            0.012529,           0.0058216,           0.0041591,             0.71275,             0.72388,             0.75817,             0.61484,           0.0072725,           0.0040249,            0.011721,           0.0099826,           0.0099826,           0.0099826
                 178,            0.012156,           0.0057793,           0.0038667,             0.71252,             0.72216,             0.75799,             0.61459,           0.0072914,           0.0040282,            0.011668,           0.0099825,           0.0099825,           0.0099825
                 179,            0.012148,             0.00571,           0.0039862,             0.70058,             0.73492,             0.75889,             0.61467,           0.0073177,           0.0040345,            0.011591,           0.0099824,           0.0099824,           0.0099824
                 180,            0.012003,           0.0056888,           0.0039951,             0.70151,             0.73416,             0.75927,             0.61447,            0.007342,           0.0040344,            0.011571,           0.0099823,           0.0099823,           0.0099823
                 181,            0.012138,           0.0058428,           0.0038796,             0.70224,             0.73441,             0.76011,              0.6147,           0.0073547,           0.0040329,            0.011489,           0.0099822,           0.0099822,           0.0099822
                 182,            0.012386,           0.0058137,           0.0042034,             0.70047,             0.73645,             0.76133,             0.61459,           0.0073773,           0.0040348,            0.011431,           0.0099821,           0.0099821,           0.0099821
                 183,            0.012083,           0.0057692,            0.003928,             0.69937,             0.73653,             0.76134,              0.6141,           0.0073931,           0.0040339,            0.011392,            0.009982,            0.009982,            0.009982
                 184,            0.012155,           0.0057482,           0.0041372,             0.70075,             0.73629,             0.76135,             0.61396,           0.0073979,           0.0040375,            0.011364,           0.0099819,           0.0099819,           0.0099819
                 185,            0.012189,           0.0057296,           0.0041487,             0.69837,             0.73771,             0.76173,             0.61419,           0.0074051,           0.0040451,            0.011284,           0.0099818,           0.0099818,           0.0099818
                 186,            0.012063,           0.0056139,           0.0042471,             0.69642,             0.73923,              0.7625,             0.61458,           0.0074122,            0.004043,            0.011225,           0.0099817,           0.0099817,           0.0099817
                 187,            0.012003,           0.0057114,           0.0039749,             0.69187,             0.74357,              0.7627,             0.61441,           0.0074294,           0.0040381,            0.011217,           0.0099816,           0.0099816,           0.0099816
                 188,             0.01234,           0.0058087,           0.0039853,               0.697,             0.73842,             0.76241,              0.6142,           0.0074529,           0.0040346,            0.011219,           0.0099815,           0.0099815,           0.0099815
                 189,            0.012322,           0.0058118,           0.0043852,              0.6978,             0.73785,             0.76298,             0.61465,           0.0074608,           0.0040356,             0.01119,           0.0099814,           0.0099814,           0.0099814
                 190,             0.01222,           0.0057168,           0.0043772,             0.69584,              0.7414,             0.76335,             0.61484,           0.0074668,            0.004033,            0.011158,           0.0099813,           0.0099813,           0.0099813
                 191,            0.012011,           0.0056894,           0.0039648,             0.69806,              0.7388,             0.76439,             0.61526,           0.0074777,           0.0040311,            0.011097,           0.0099812,           0.0099812,           0.0099812
                 192,            0.012089,           0.0057562,           0.0040639,              0.6981,             0.73981,             0.76457,             0.61548,           0.0074788,           0.0040326,            0.011051,           0.0099811,           0.0099811,           0.0099811
                 193,            0.012283,           0.0058531,           0.0039661,             0.69778,              0.7394,             0.76509,             0.61517,           0.0074853,           0.0040251,            0.011055,            0.009981,            0.009981,            0.009981
                 194,            0.012187,           0.0058135,            0.003919,             0.69907,             0.73987,             0.76505,             0.61509,           0.0074884,           0.0040191,            0.011112,           0.0099809,           0.0099809,           0.0099809
                 195,             0.01208,           0.0057389,           0.0041563,             0.69724,             0.74276,             0.76629,             0.61514,           0.0074802,           0.0040117,            0.011134,           0.0099808,           0.0099808,           0.0099808
                 196,            0.012142,           0.0057369,           0.0042651,             0.69888,              0.7417,             0.76654,             0.61495,           0.0074801,           0.0040102,            0.011136,           0.0099807,           0.0099807,           0.0099807
                 197,            0.012482,           0.0058546,           0.0043024,             0.69949,              0.7421,             0.76602,             0.61454,           0.0074919,           0.0040136,            0.011146,           0.0099806,           0.0099806,           0.0099806
                 198,            0.012168,           0.0058175,           0.0041531,             0.69859,             0.74136,             0.76578,             0.61456,           0.0075051,           0.0040125,            0.011162,           0.0099805,           0.0099805,           0.0099805
                 199,            0.012114,           0.0057886,           0.0040784,             0.69927,             0.73988,              0.7656,             0.61424,           0.0075142,           0.0040196,            0.011191,           0.0099804,           0.0099804,           0.0099804
                 200,            0.012223,           0.0057324,           0.0041988,             0.70055,             0.73965,             0.76584,             0.61444,           0.0075219,           0.0040228,             0.01117,           0.0099803,           0.0099803,           0.0099803
                 201,            0.012238,           0.0057557,           0.0041073,             0.70242,             0.73989,             0.76663,             0.61503,            0.007521,           0.0040137,            0.011126,           0.0099802,           0.0099802,           0.0099802
                 202,            0.012073,           0.0057195,           0.0044046,             0.70273,             0.73826,             0.76712,             0.61539,           0.0075237,           0.0040069,            0.011113,           0.0099801,           0.0099801,           0.0099801
                 203,            0.012098,           0.0057331,           0.0038789,             0.70878,             0.72992,             0.76741,             0.61577,           0.0075266,           0.0040007,            0.011079,             0.00998,             0.00998,             0.00998
                 204,            0.012047,           0.0057156,           0.0038245,             0.70928,             0.73033,             0.76703,             0.61575,           0.0075334,           0.0039976,            0.011091,           0.0099799,           0.0099799,           0.0099799
                 205,              0.0121,           0.0056509,           0.0040061,             0.70553,             0.73407,             0.76761,             0.61607,            0.007535,           0.0039985,             0.01107,           0.0099798,           0.0099798,           0.0099798
                 206,            0.012437,           0.0057207,           0.0039027,              0.7061,             0.73569,             0.76766,             0.61618,            0.007534,            0.003999,             0.01108,           0.0099797,           0.0099797,           0.0099797
                 207,            0.012173,           0.0057633,           0.0042767,             0.70681,             0.73458,             0.76756,             0.61576,           0.0075409,           0.0040029,            0.011061,           0.0099796,           0.0099796,           0.0099796
                 208,             0.01217,           0.0057019,           0.0043323,             0.70704,             0.73516,             0.76755,             0.61545,           0.0075569,           0.0039928,            0.011063,           0.0099795,           0.0099795,           0.0099795
                 209,            0.012009,           0.0057131,           0.0040067,             0.70699,             0.73695,               0.767,             0.61484,           0.0075674,           0.0039825,            0.011074,           0.0099794,           0.0099794,           0.0099794
                 210,            0.012109,           0.0056642,           0.0039096,             0.70516,              0.7381,              0.7679,             0.61503,           0.0075643,           0.0039813,            0.011054,           0.0099793,           0.0099793,           0.0099793
                 211,             0.01192,           0.0056724,           0.0041225,             0.70575,             0.73871,             0.76869,             0.61591,           0.0075644,           0.0039785,             0.01097,           0.0099792,           0.0099792,           0.0099792
                 212,            0.011992,           0.0057134,           0.0037634,              0.7051,             0.73973,             0.76902,             0.61591,           0.0075682,           0.0039721,            0.010912,           0.0099791,           0.0099791,           0.0099791
                 213,            0.012111,           0.0057401,           0.0041597,             0.70405,             0.74055,             0.76878,             0.61576,           0.0075498,           0.0039694,            0.010908,            0.009979,            0.009979,            0.009979
                 214,            0.011809,           0.0056813,           0.0039334,             0.70411,              0.7403,             0.76758,             0.61498,            0.007552,           0.0039689,            0.010933,           0.0099789,           0.0099789,           0.0099789
                 215,            0.012182,           0.0057069,           0.0040264,             0.71105,             0.72989,             0.76636,              0.6138,           0.0075583,           0.0039756,            0.010937,           0.0099788,           0.0099788,           0.0099788
                 216,            0.012167,           0.0056618,           0.0042196,             0.71046,             0.72878,              0.7657,             0.61319,           0.0075558,           0.0039804,             0.01097,           0.0099787,           0.0099787,           0.0099787
                 217,            0.011856,           0.0056208,           0.0040934,             0.70893,             0.73024,             0.76512,             0.61263,           0.0075495,           0.0039852,            0.010961,           0.0099786,           0.0099786,           0.0099786
                 218,            0.012006,           0.0056926,           0.0040888,             0.70424,             0.73744,             0.76403,             0.61141,           0.0075578,           0.0039892,            0.010982,           0.0099785,           0.0099785,           0.0099785
                 219,            0.011844,           0.0056507,           0.0038704,             0.70467,             0.73753,             0.76349,             0.61128,           0.0075494,           0.0039875,            0.011008,           0.0099784,           0.0099784,           0.0099784
                 220,            0.012031,           0.0056621,           0.0039141,             0.70421,             0.73882,             0.76345,             0.61053,           0.0075628,           0.0039796,             0.01104,           0.0099783,           0.0099783,           0.0099783
                 221,            0.011893,           0.0056515,           0.0039451,             0.70393,             0.73883,             0.76337,             0.61015,           0.0075803,            0.003965,             0.01105,           0.0099782,           0.0099782,           0.0099782
                 222,            0.011822,           0.0056252,           0.0038579,             0.70321,             0.74095,             0.76356,             0.60981,           0.0076058,           0.0039526,             0.01104,           0.0099781,           0.0099781,           0.0099781
                 223,            0.012092,           0.0056859,           0.0039167,              0.7016,              0.7417,             0.76263,             0.60864,           0.0076275,           0.0039516,            0.011049,            0.009978,            0.009978,            0.009978
                 224,            0.012052,           0.0056994,           0.0041252,               0.702,             0.74153,             0.76249,             0.60829,           0.0076382,           0.0039513,            0.011076,           0.0099779,           0.0099779,           0.0099779
                 225,            0.011833,           0.0056591,           0.0038616,             0.70155,             0.74259,             0.76291,             0.60857,           0.0076419,           0.0039501,            0.011094,           0.0099778,           0.0099778,           0.0099778
                 226,             0.01182,           0.0055984,            0.004187,             0.70212,              0.7423,             0.76243,             0.60849,           0.0076408,           0.0039439,            0.011128,           0.0099777,           0.0099777,           0.0099777
                 227,            0.011898,           0.0056569,           0.0041783,             0.70348,              0.7403,             0.76279,             0.60857,            0.007642,           0.0039408,            0.011148,           0.0099776,           0.0099776,           0.0099776
                 228,            0.011866,           0.0056207,           0.0040097,              0.7034,             0.74206,             0.76329,             0.60894,           0.0076368,           0.0039359,            0.011159,           0.0099775,           0.0099775,           0.0099775
                 229,            0.012059,           0.0056964,           0.0041993,             0.70315,             0.74276,             0.76471,             0.61006,           0.0076165,           0.0039374,             0.01112,           0.0099774,           0.0099774,           0.0099774
                 230,            0.012215,           0.0057912,            0.004243,             0.70268,             0.74439,             0.76526,             0.61075,           0.0076063,           0.0039414,            0.011089,           0.0099773,           0.0099773,           0.0099773
                 231,            0.011897,           0.0056987,           0.0041013,             0.70387,             0.74382,             0.76571,             0.61095,           0.0075916,           0.0039514,            0.011063,           0.0099772,           0.0099772,           0.0099772
                 232,            0.011923,           0.0056223,           0.0041012,             0.70555,             0.74292,             0.76565,             0.61052,           0.0075801,           0.0039616,            0.011107,           0.0099771,           0.0099771,           0.0099771
                 233,            0.011977,           0.0056666,           0.0038619,             0.70326,             0.74433,             0.76589,             0.61023,           0.0075763,           0.0039697,             0.01114,            0.009977,            0.009977,            0.009977
                 234,             0.01206,           0.0056939,            0.004117,             0.70235,             0.74417,             0.76482,             0.60978,           0.0075633,           0.0039727,            0.011176,           0.0099769,           0.0099769,           0.0099769
                 235,            0.011858,           0.0055695,           0.0038932,             0.70228,              0.7426,             0.76366,              0.6089,            0.007564,           0.0039821,            0.011199,           0.0099768,           0.0099768,           0.0099768
                 236,            0.011979,           0.0056219,             0.00372,             0.70219,             0.74202,             0.76352,             0.60877,           0.0075621,           0.0039876,            0.011173,           0.0099767,           0.0099767,           0.0099767
                 237,            0.011966,           0.0056676,           0.0040544,             0.70176,             0.74178,             0.76353,             0.60828,           0.0075678,           0.0039861,            0.011188,           0.0099766,           0.0099766,           0.0099766
                 238,            0.011918,           0.0056527,           0.0041097,             0.70235,             0.74096,              0.7635,             0.60763,           0.0075773,           0.0039714,            0.011188,           0.0099765,           0.0099765,           0.0099765
                 239,            0.012248,           0.0057429,           0.0042566,             0.70135,              0.7415,             0.76292,             0.60752,           0.0075857,           0.0039715,            0.011187,           0.0099764,           0.0099764,           0.0099764
                 240,            0.011726,           0.0056354,           0.0038113,             0.70372,             0.73998,             0.76137,             0.60632,            0.007583,           0.0039708,            0.011246,           0.0099763,           0.0099763,           0.0099763
                 241,            0.011899,           0.0056715,           0.0039387,             0.70329,             0.73871,             0.76112,             0.60595,            0.007572,           0.0039684,             0.01129,           0.0099762,           0.0099762,           0.0099762
                 242,            0.011958,           0.0056044,           0.0038587,              0.7179,             0.72513,             0.76144,             0.60656,           0.0075586,           0.0039736,            0.011298,           0.0099761,           0.0099761,           0.0099761
                 243,            0.011905,           0.0055723,           0.0041745,             0.71818,             0.72423,             0.76113,             0.60659,           0.0075439,           0.0039772,            0.011346,            0.009976,            0.009976,            0.009976
                 244,            0.011969,           0.0055743,           0.0040107,             0.71585,             0.72653,             0.76057,             0.60583,           0.0075406,           0.0039908,            0.011358,           0.0099759,           0.0099759,           0.0099759
                 245,            0.011638,            0.005601,            0.003731,             0.71425,             0.72649,             0.76032,              0.6054,           0.0075385,           0.0039934,             0.01137,           0.0099758,           0.0099758,           0.0099758
                 246,            0.011872,           0.0056327,           0.0037508,             0.71344,             0.72698,             0.76041,             0.60536,           0.0075361,           0.0039956,             0.01136,           0.0099757,           0.0099757,           0.0099757
                 247,            0.012083,           0.0056929,           0.0039541,             0.71311,             0.72706,             0.76044,             0.60476,           0.0075429,           0.0039998,            0.011331,           0.0099756,           0.0099756,           0.0099756
                 248,            0.012147,           0.0056408,           0.0039625,             0.71405,             0.72633,             0.75973,             0.60397,           0.0075471,           0.0039998,            0.011332,           0.0099755,           0.0099755,           0.0099755
                 249,            0.011785,           0.0056252,           0.0040802,             0.71458,             0.72583,             0.75917,             0.60397,           0.0075397,           0.0039953,            0.011345,           0.0099754,           0.0099754,           0.0099754
                 250,             0.01165,           0.0056384,           0.0039451,             0.71444,             0.72559,             0.75909,             0.60384,           0.0075341,           0.0039897,            0.011376,           0.0099753,           0.0099753,           0.0099753
                 251,            0.011657,           0.0055071,            0.003826,             0.71436,             0.72586,              0.7592,             0.60339,           0.0075381,           0.0039891,            0.011409,           0.0099753,           0.0099753,           0.0099753
                 252,            0.012027,           0.0056282,           0.0039907,             0.71616,             0.72518,             0.75873,             0.60264,           0.0075408,           0.0039849,            0.011427,           0.0099752,           0.0099752,           0.0099752
                 253,            0.011924,           0.0056041,           0.0036715,             0.72796,             0.71681,             0.75939,             0.60292,           0.0075314,           0.0039744,            0.011417,           0.0099751,           0.0099751,           0.0099751
                 254,             0.01211,           0.0056472,           0.0041022,             0.73845,             0.70898,             0.75954,             0.60229,           0.0075374,           0.0039741,            0.011373,            0.009975,            0.009975,            0.009975
                 255,            0.011875,           0.0056443,           0.0039552,             0.73987,             0.70872,               0.759,             0.60137,            0.007544,           0.0039802,            0.011345,           0.0099749,           0.0099749,           0.0099749
                 256,            0.011834,           0.0055754,           0.0039242,             0.73807,             0.70963,             0.75854,             0.60089,           0.0075464,           0.0039772,            0.011348,           0.0099748,           0.0099748,           0.0099748
                 257,            0.011846,           0.0056192,           0.0036937,             0.73782,             0.71054,             0.75853,             0.60053,           0.0075422,           0.0039759,             0.01134,           0.0099747,           0.0099747,           0.0099747
                 258,            0.011943,           0.0055849,           0.0038854,             0.73981,             0.71005,             0.75772,             0.60031,           0.0075459,           0.0039792,            0.011348,           0.0099746,           0.0099746,           0.0099746
                 259,            0.011847,           0.0055612,           0.0040199,              0.7404,             0.71067,             0.75734,             0.59909,           0.0075564,           0.0039971,            0.011311,           0.0099745,           0.0099745,           0.0099745
                 260,            0.011857,            0.005601,           0.0041867,              0.7407,             0.71029,             0.75777,             0.59872,           0.0075663,           0.0040134,            0.011276,           0.0099744,           0.0099744,           0.0099744
                 261,            0.011828,           0.0055886,           0.0039219,             0.74151,             0.71233,             0.75884,             0.59909,           0.0075692,           0.0040258,            0.011219,           0.0099743,           0.0099743,           0.0099743
                 262,            0.011645,           0.0056373,            0.003994,             0.73361,             0.71541,             0.75993,             0.59954,           0.0075756,           0.0040353,            0.011159,           0.0099742,           0.0099742,           0.0099742
                 263,            0.011834,           0.0054899,           0.0037027,             0.73541,             0.71463,             0.76036,             0.59999,           0.0075778,           0.0040422,            0.011124,           0.0099741,           0.0099741,           0.0099741
                 264,            0.011686,           0.0055794,           0.0040445,             0.73714,             0.71453,             0.76104,             0.60012,           0.0075842,            0.004049,            0.011092,            0.009974,            0.009974,            0.009974
                 265,            0.012127,           0.0056002,            0.004231,             0.72036,             0.72723,             0.76141,             0.59951,           0.0075947,           0.0040587,            0.011039,           0.0099739,           0.0099739,           0.0099739
                 266,            0.011698,           0.0055863,           0.0040083,             0.71218,             0.73206,              0.7604,             0.59827,           0.0075984,           0.0040747,             0.01102,           0.0099738,           0.0099738,           0.0099738
                 267,            0.011741,           0.0055994,           0.0037138,             0.71621,             0.72905,             0.75972,             0.59716,           0.0075975,           0.0040854,            0.010979,           0.0099737,           0.0099737,           0.0099737
                 268,            0.011787,           0.0055959,           0.0042979,             0.71448,             0.73158,             0.75924,              0.5963,           0.0076013,           0.0041051,            0.010922,           0.0099736,           0.0099736,           0.0099736
                 269,            0.011631,           0.0055465,           0.0038864,             0.71559,             0.73145,             0.75934,             0.59599,           0.0076078,           0.0041223,            0.010847,           0.0099735,           0.0099735,           0.0099735
                 270,            0.011732,           0.0055501,           0.0039973,             0.71516,             0.73184,             0.75943,             0.59557,           0.0076064,           0.0041271,            0.010805,           0.0099734,           0.0099734,           0.0099734
                 271,            0.011838,           0.0055726,           0.0039739,             0.71682,             0.73163,              0.7589,             0.59537,            0.007607,           0.0041316,            0.010771,           0.0099733,           0.0099733,           0.0099733
                 272,            0.011728,           0.0055596,           0.0039177,              0.7178,             0.72971,             0.75888,             0.59513,           0.0076082,           0.0041374,            0.010731,           0.0099732,           0.0099732,           0.0099732
                 273,            0.011642,           0.0055068,           0.0040255,             0.71664,             0.73037,             0.75885,             0.59478,            0.007617,           0.0041363,            0.010725,           0.0099731,           0.0099731,           0.0099731
                 274,            0.011676,           0.0055393,           0.0042197,             0.71777,             0.73025,              0.7591,             0.59458,           0.0076283,           0.0041361,             0.01069,            0.009973,            0.009973,            0.009973
                 275,            0.011772,           0.0055936,           0.0039422,             0.71855,             0.73034,              0.7597,              0.5952,           0.0076312,           0.0041375,            0.010632,           0.0099729,           0.0099729,           0.0099729
                 276,            0.012119,           0.0057613,           0.0041133,             0.71717,             0.73336,             0.76009,             0.59539,           0.0076391,           0.0041395,            0.010578,           0.0099728,           0.0099728,           0.0099728
                 277,            0.011901,            0.005555,           0.0042501,             0.71715,             0.73449,             0.76021,             0.59535,           0.0076474,           0.0041456,            0.010504,           0.0099727,           0.0099727,           0.0099727
                 278,            0.011731,           0.0055393,           0.0037509,             0.71626,             0.73541,             0.76081,              0.5954,           0.0076528,            0.004147,            0.010475,           0.0099726,           0.0099726,           0.0099726
                 279,             0.01185,           0.0055607,           0.0039257,             0.71465,             0.73704,             0.76082,             0.59495,           0.0076538,           0.0041509,            0.010478,           0.0099725,           0.0099725,           0.0099725
                 280,            0.011764,           0.0055616,           0.0039608,             0.71737,             0.73549,             0.76018,             0.59395,           0.0076706,           0.0041531,             0.01045,           0.0099724,           0.0099724,           0.0099724
                 281,             0.01182,           0.0055952,           0.0040629,             0.72113,             0.72854,             0.75972,             0.59381,           0.0076854,           0.0041598,             0.01045,           0.0099723,           0.0099723,           0.0099723
                 282,            0.011839,           0.0055943,           0.0041305,             0.72072,             0.72984,              0.7595,             0.59283,           0.0076931,           0.0041626,            0.010487,           0.0099722,           0.0099722,           0.0099722
                 283,            0.011774,           0.0054881,           0.0038229,             0.72265,             0.72935,             0.75871,             0.59207,           0.0076884,           0.0041741,             0.01052,           0.0099721,           0.0099721,           0.0099721
                 284,            0.011871,           0.0056168,           0.0044815,             0.71417,             0.73421,             0.75869,             0.59135,            0.007686,           0.0041842,            0.010547,            0.009972,            0.009972,            0.009972
                 285,            0.011743,            0.005666,           0.0036424,             0.71729,             0.73249,             0.75808,             0.59061,           0.0076872,           0.0041897,            0.010567,           0.0099719,           0.0099719,           0.0099719
                 286,            0.011614,           0.0055439,           0.0038671,             0.71881,             0.73164,             0.75819,             0.59029,           0.0076909,           0.0042033,            0.010536,           0.0099718,           0.0099718,           0.0099718
                 287,            0.011842,           0.0055057,           0.0038198,             0.71908,             0.73179,             0.75784,              0.5898,           0.0076891,           0.0042129,            0.010526,           0.0099717,           0.0099717,           0.0099717
                 288,            0.011789,           0.0054858,           0.0039138,             0.71804,             0.73306,             0.75804,             0.58973,           0.0076842,           0.0042193,            0.010518,           0.0099716,           0.0099716,           0.0099716
                 289,            0.011701,           0.0055077,           0.0039633,             0.71871,             0.73294,             0.75804,             0.58965,           0.0076854,           0.0042213,             0.01054,           0.0099715,           0.0099715,           0.0099715
                 290,            0.011554,           0.0055477,           0.0036822,             0.71883,             0.73335,             0.75808,             0.58971,           0.0076854,           0.0042254,            0.010541,           0.0099714,           0.0099714,           0.0099714
                 291,            0.011501,           0.0055593,           0.0037907,             0.71987,             0.73472,             0.75799,             0.58922,           0.0076859,           0.0042243,            0.010562,           0.0099713,           0.0099713,           0.0099713
                 292,            0.011579,           0.0055495,           0.0039407,             0.70923,             0.74219,             0.75786,             0.58927,           0.0076833,           0.0042362,            0.010564,           0.0099712,           0.0099712,           0.0099712
                 293,            0.011788,           0.0055404,           0.0039856,             0.71084,             0.74197,             0.75807,             0.58956,           0.0076847,            0.004236,            0.010565,           0.0099711,           0.0099711,           0.0099711
                 294,            0.011687,           0.0054726,           0.0037671,             0.71056,             0.74154,             0.75848,             0.58999,           0.0076777,           0.0042343,            0.010534,            0.009971,            0.009971,            0.009971
                 295,            0.011475,           0.0054679,           0.0037755,             0.71062,             0.74154,             0.75931,              0.5904,           0.0076638,           0.0042314,            0.010516,           0.0099709,           0.0099709,           0.0099709
                 296,            0.011751,           0.0054351,           0.0038342,             0.71636,             0.73865,             0.75905,             0.59026,           0.0076602,           0.0042296,            0.010546,           0.0099708,           0.0099708,           0.0099708
                 297,            0.011621,           0.0055259,           0.0037556,             0.71625,             0.73892,             0.75961,             0.59058,           0.0076466,           0.0042254,            0.010557,           0.0099707,           0.0099707,           0.0099707
                 298,            0.011688,           0.0055572,           0.0039728,             0.71711,              0.7372,             0.75881,             0.59019,           0.0076302,           0.0042315,            0.010626,           0.0099706,           0.0099706,           0.0099706
                 299,            0.011803,           0.0054798,           0.0040693,             0.71832,             0.73652,             0.75953,             0.59112,             0.00761,           0.0042346,            0.010633,           0.0099705,           0.0099705,           0.0099705
                 300,            0.011603,           0.0055431,           0.0037792,             0.72062,             0.73409,             0.75939,             0.59085,           0.0076105,           0.0042369,            0.010633,           0.0099704,           0.0099704,           0.0099704
                 301,            0.011641,            0.005516,           0.0038142,             0.72454,             0.73219,             0.75957,             0.59102,           0.0075986,           0.0042443,            0.010657,           0.0099703,           0.0099703,           0.0099703
                 302,            0.011509,           0.0054279,           0.0037944,             0.72417,             0.73213,             0.75904,             0.59072,           0.0075969,            0.004249,            0.010673,           0.0099702,           0.0099702,           0.0099702
                 303,            0.011747,           0.0055725,           0.0040653,              0.7154,             0.74017,             0.75922,             0.59044,            0.007592,           0.0042562,            0.010653,           0.0099701,           0.0099701,           0.0099701
                 304,            0.011721,           0.0055153,           0.0038022,             0.71527,             0.73982,             0.75958,             0.59042,           0.0075871,           0.0042626,            0.010651,             0.00997,             0.00997,             0.00997
                 305,            0.011516,           0.0055274,           0.0039952,             0.71712,             0.74064,             0.75978,             0.59038,           0.0075846,           0.0042674,            0.010626,           0.0099699,           0.0099699,           0.0099699
                 306,            0.011688,            0.005473,           0.0038297,             0.71639,             0.74301,             0.76122,             0.59132,           0.0075784,           0.0042713,            0.010573,           0.0099698,           0.0099698,           0.0099698
